CT1_CONTA,CT1_DESC01
1111010001,CAIXA MATRIZ  01
1111010002,CAIXA FILIAIS
1111010003,FUNDO FIXO DE CAIXA GERAL - TESOURARIA
1111010004,FUNDO FIXO CAIXA TESOURARIA - RENDIMENTO
1111010005,FUNDO FIXO DE CAIXA FILIAL SP
1111010006,FUNDO FIXO DE CAIXA JURIDICO
1111010007,FUNDO FIXO DE CAIXA FILIAL PE
1111010008,FUNDO FIXO DE CAIXA - PORTO ALEGRE
1111010009,FUNDO FIXO DE CAIXA - BELÉM
1111010010,FUNDO FIXO DE CAIXA - EA CENTRO OESTE
1111010011,FUNDO FIXO DE CAIXA - INFRAESTRUTURA
1111010012,FUNDO FIXO DE CAIXA GACC
1111010013,FUNDO FIXO DE CAIXA EA SALVADOR
1111019988,EA JERUSALEM_CAIXINHA
1111019989,EA DUBAI_CAIXINHA
1111019993,FUNDO FIXO DE CAIXA - EXPO OSAKA 2025
1111019995,CCRED PRÉ PAGO - SEDE
1111019996,CARTÃO PRÉ-PAGO - BCO RENDIMENTO - GOFC
1111019997,EA HAVANA_CAIXINHA (USD)
1111019998,EA BOGOTA_CAIXINHA
1112010001,C/C 7364-4 ARRECADACAO
1112010002,C/C 431589-8 OPERACOES FINANCEIRAS
1112010003,BB-C/C: 431611-8 - FAO DISPONIBILIDADES
1112010097,C/C 6503-X BACEN JUD
1112010098,C/C 5494-1 -AG 3307-3 HON DE SUCUMBEN
1112020001,C/C 6010-3 APEXPORT
1112020002,C/C 6048-0 CONSIGNACAO CEF
1112020003,C/C 3192-8 SICONV - TRIB RETIDOS NA F
1112020004,ATIVOS DE APLICACOES FINANCEIRAS
1112030001,BANCO ITAU C/C AG 0542
1112040001,BANCO SANTANDER BRASIL SA
1112049999,BCO SANTANDER
1112050001,BRADESCO - AG 7979 CC 0010125-7 REMES
1112050002,BRADESCO AG 03416  CC 0110125-0 - FOP
1112060001,C/C 78948000-1 - AG 0003 - REMESSAS
1112060002,C/T - APEX - NUMERARIO EM TRANSITO (U
1112060003,CARTAO VISA BANCO RENDIMENTO EMPRESAR
1112070001,EA DUBAI_HSBC 035-847722-001
1112070002,EA MIAMI_BB_EUA_OPERACAO
1112070003,EA BRUXELAS_BB 4940510888
1112070004,EA BRUXELAS_BB 4940511888
1112070005,EA HAVANA_METROPOLITANO 233
1112070006,EA MOSCOU_VTB 40807810800020000006
1112070007,EA PEQUIM_CONTA CORRENTE #1
1112070008,EA MIAMI_CITIBANK_EUA_FOLHA
1112070009,EA MIAMI_CITIBANK_EUA_FORMULA INDY
1112070010,EA MOSCOU_VTB 40807840900020000002
1112070011,EA MIAMI_CITIBANK_BR_OPERACAO
1112070012,EA MIAMI_CITIBANK_BR_FORMULA INDY
1112070013,EA MIAMI_CITIBANK_BR_PROMOCAO
1112070014,EA LUANDA_BIC_C/C_67537786.10.001
1112070015,EA LUANDA_BIC_C/C_67537786.30.001
1112070016,EA PEQUIM_CONTA CORRENTE #2
1112070017,EA LUANDA_STANDARD_C/C_1000103315
1112070018,EA LUANDA_STANDARD_C/C_1000103285
1112070019,EA LUANDA_BIC_C/C_67537786.32.001
1112070020,ING BELGICA SA 310-1774780-57 - PROMO
1112070021,ING BELGICA - 310-1774779-56 MANUTENC
1112070022,ING BELGICA 363-5495068-58 - MANUTENC
1112070023,EA BOGOTA CITIBANK C/C 5-076091-015
1112070024,ING BELGICA 363-5495074-64 - MANUTENC
1112070025,ING BELGICA 375-1042548-71 - MANUTENC
1112070026,EA BOGOTA CITIBANK C/C 0-076091-013
1112070027,RAIFFEISEN MOSCOU 7978300000000009 EU
1112070028,RAIFFEISEN MOSCOU 7840300000000014 US
1112070029,RAIFFEISEN MOSCOU 7810000000000043 RU
1112070030,EA HAVANA_BFI
1112070031,EA HAVANA_METROPOL (USD) 523320037150
1112070032,EA MIAMI_BB_11000023367
1112070033,EA MIAMI_BB_11000025011
1112070034,EA DUBAI_EMIRATES NBD 1015256007101 A
1112070035,EA PEQUIM CONTA CORRENTE CITIC 2 #3
1112070036,EA PEQUIM CONTA CORRENTE CITIC 2  USD #4
1112070037,EA JERUSALEM_BANK LEUMI 414400/14 095 US
1112070038,RAIFFEISEN RUS 40807756300000000027 CHF
1112070039,RAIFFEISEN RUS 40807156300000000216 CNY
1112079997,BB TOQUIO CC 480400-1
1112079998,EMIRATES NBD - ACCOUNT Nº 1015732116501
1112079999,BANCO DO BRASIL - NEW YORK BRANCH (686-6
1112080001,TRANSFERENCIAS FINANCEIRAS MATRIZ
1112080002,(-) CHEQUES A COMPENSAR
1112080003,TRANSFERENCIAS FINANCEIRAS FILIAIS
1112080004,(+/-) CTA POUPANCA CONVENIOS MDIC
1112080099,TRANSFERENCIAS EM CURSO
1112090001,BANCO BTG PACTUAL S.A
1112100001,XP INVESTIMENTOS - CC 1565267
1113010001,C/C 5144-6 DEVOLUCAO DE PROJETOS
1113010002,C/C 5706-1 APEX/MDIC MISSOES
1113010003,C/C 5906-4 CONVENIO BID
1113010004,C/C 6059-3 CONVENIO/MDIC MISSOES 2012
1113010005,C/C 6054-2 CONVENIO/MDIC DESIGN
1113010006,C/C: 6114-X APEX/MDIC CONVENIO PESQ E
1113010007,6263-4 C/C - CONV MODA BRASIL
1113010008,6264-2 C/C - CONV EXPO MILAO
1113010009,6430-0 C/C - CONV MDIC CASA BRASIL
1113019979,C/C 431588-X PROJETOS
1113019980,C/C 430601-5 DIARIAS DE PROJETOS
1113019987,C/C 5613-8 APEX/MDIC EXPOXANGAI
1113019988,C/C 5698-7 PATR. EXPOXANGAI/VALE
1113019989,C/C 5746-0 APEX/EDC DUBAI - MISSOES
1113019990,C/C 5818-1 RECURSOS ENTIDADE PUBLICA
1113019991,C/C 5817-3 PATROCINIO PRIVADO
1113019992,C/C 5770-3 PATROCINIO PETROBRAS
1113019993,C/C 5744-4 PATROCINIO ELETROBRAS
1113019994,C/C 5769-X PATROCINIO BB
1113019995,C/C 5805-X PATR.ELETROBRAS PROJ.IMAGE
1113019996,C/C 6057-7 CONVENIO/MDIC COMPETITIVID
1113019997,C/C 6060-7 CONVENIO/MDIC DESENV. PMES
1113019998,C/C 220-8 PATROCINIO ELETROBRAS RIO+2
1113019999,C/C 120-1 PATROCINIO ECT/CORREIOS RIO
1114010001,BB/CP 431589-8P CUSTEIO
1114010002,BB/CP 431589-8 RENDE FACIL
1114010003,BC/CP BB RENDE FÁCIL - 5494-1R - HON SUC
1114010004,BB RENDE FACIL - FAO 4316118R
1114010099,C/P 5494-VR01P-3307-3 HON DE SUCUMBEN
1114010100,C/P 5494-VR51P-3307-3 HON DE SUCUMBEN
1114060001,BRADESCO INVEST FACIL AG3416
1115010001,BB/CP 5706-1 APEX/MDIC MISSOES
1115010002,BB/CP 6059-3 CONVENIO/MDIC MISSOES
1115010003,BB/CP 6054-2 CONVENIO/MDIC DESIGN
1115010004,BB/CP 120-1 PATROCINIO CORREIOS RIO+2
1115010006,BB-POUP 6114-X APEX/MDIC CONVENIO PES
1115010007,BB-F/A 6114-X APEX/MDIC CONVENIO PESQ
1115010008,BB/CP 5906-4P - CONVENIO BID
1115010009,BB / FUNDO 6263-4 CONV MODA BRASIL
1115010010,BB / FUNDO 6264-2 CONV EXPO MILAO
1115010011,BB / POUPANCA 6264-2 CONV EXPO MILAO
1115010012,BB / POUP 6263-4P - CONV MDIC MODABRA
1115010013,BB FUNDO DE APLICACAO BB AMPLO 7364-4
1115010014,BB F/A - 6430-0A - CONV MDIC CASA BRA
1115010015,BB POUP - 6430-0P- CONV MDIC CASA BRA
1115019995,BB/CP 5613-8 APEX/MDIC EXPOXANGAI
1115019996,BB/CP 6057-7 CONVENIO/MDIC COMPETITIV
1115019997,BB/CP 6060-7 CONVENIO/MDIC DESENV. PM
1115019998,BB/CP 5770-3 PATROCINIO PETROBRAS
1116010001,BB/FUNDO 7364-4C - COMERCIAL17 LP (GI
1116010002,BB - FUNDO 3307-3 - ABRC
1116010003,BB-F/A: 431611-8A - FAO INVESTIMENTOS
1116010004,C/C 6503-XA BACEN JUD
1116010005,BB AMPLO CAPITAL DE GIRO
1116010006,BB 6503-XR BACEN JUD
1116019985,BB/FUNDO 7364-4A - MILENIO 25
1116019988,BB SECURITIES LLC - BANK OF NEW YORK MEL
1116019989,BB-FM25-C/C:5698-7A PATROEXPOXANGAI/V
1116019990,BB-F/A 5688-XA JAFZA_DUBAI - APLICACA
1116019991,BB-F/A 5706-1A APEX/MDIC MISSOES
1116019992,BB-F/A 5746-0 APEX/EDC DUBAI - MISSOE
1116019993,BB-F/A 5817-3 PATROCINIO PRIVADO
1116019994,BB-F/A 5770-3 PATROCINIO PETROBRAS
1116019996,BB/FUNDO 5769-X - PATROCINIO BB
1116019997,BB-F/A 5805-X PAT.ELETROBRAS PROJ.IMA
1116019998,BB-F/A 5818-1 RECURSOS ENTIDADE PUBLI
1116019999,BB/FUNDO 5906-4A - CONVENIO BID
11160200003,CAIXA FIC AMETISTA CORP RF SIMPLES (ERRO
1116020001,CEF/FUNDO 6010-3A APEXPORT
1116020002,CEF/FUNDO 6010-3 CAPITAL DE GIRO
1116020003,CAIXA FIC AMETISTA CORP RF SIMPLES
1116029999,CEF/CP 10072-2
1116030001,BRADESCO-F/A 10125-7B - CAPITAL DE GI
1116030002,BRADESCO-F/A 0010125-7C-CAPITAL DE GI
1116030003,BRADESCO-F/A 0010125-7A CAPITAL DE GI
1116030004,BRADESCO-F/A 0010125-7D CAPITAL DE GI
1116030005,BRADESCO -  0010125-7 FUNDO FICFIM MULTI
1116040001,BCO RENDIMENTO
1116050001,SANTANDER INVESTIMENTOS
1116060001,BANCO BTG INVESTIMENTOS _ 407761-8A
1116070001,XP INVESTIMENTOS 15652676 APL
1116980001,(-) IRRF S/REND. APLICACAO FINANCEIRA
1116990001,(+/-) RECLASSIFICAÇÃO CP/LP
1118010001,BANCOS CONVENIOS SETORIAIS (PSI E PEI
1121010001,CONTAS A RECEBER DE CLIENTES
1121020001,CONTAS A RECEBER FORA DO BRASIL
1121990001,(-) PROVISAO CRED LIQUIDACAO DUVIDOSA
1121990002,CLIENTES ESTRANGEIROS
1122010001,REPASSE INSS A RECEBER
1123010001,"CREDITOS DE VIAGENS (PASSAG, SEGURO E"
1123010002,OPERAÇOES COM CARTÃO C/D
1123010003,MULTAS A RESSARCIR
1123010004,CREDITOS GERAIS A RECEBER
1123010005,CREDITOS A RESGATAR-VTM_BANCO RENDIME
1123010006,VALORES A RECUPERAR DE EMPREGADOS
1123010007,VALORES A RECEBER DO F.A.O.
1123010008,VALORES A RECEBER DE CONVENIOS
1123010009,VALORES A COMPENSAR DE TERCEIROS
1123019999,CREDITOS A RECEBER CNS
1124010001,PROJETOS SETORIAIS
1124010002,ADIANTAMENTOS PEIEX
1124010003,PROMOCAO MULTISSETORIAL/COMPLEXOS/VAR
1124010004,ADIANTAMENTOS OUTROS CONVENIOS
1124010005,SERVICOS DE INTERNACIONALIZACAO
1124010006,PROMOCAO E CONSULTORIA EM INVESTIMENT
1124010007,CP-CONTRATOS DE PATROCINIO
1124010008,MERCADOS REGIONAIS
1124010010,SERVICOS DE INTELIGENCIA COMERCIAL
1124010011,ADIANTAMENTOS PEIEX
1124020001,AD.DE DIARIAS NACIONAIS EMPREGADOS
1124020002,AD.DE DIARIAS INTERNACIONAIS EMPREGAD
1124020003,AD.DE DESP. FUTURAS EXTERIOR EMPREGAD
1124020004,AD.DE DIARIAS NACIONAIS CONVIDADOS
1124020005,AD.DE DIARIAS INTERNACIONAIS CONVIDAD
1124029999,AD.DE DESP. FUTURAS EXTERIOR CONVIDAD
1124030001,AD.DE SALARIOS DE EMPREGADOS
1124030002,AD.DE FERIAS
1124030003,AD.DE 13º SALARIO
1124030004,AD.DE EMPREGADOS
1124030005,ADIANTAMENTOS PARA VIAGENS
1124030006,ADIANTAMENTOS FUNDO FIXO DE CAIXA
1124030007,AD. PENSÃO ALIMENTICIA S/ FERIAS
1124030008,AD. DE VALE TRANSPORTE
1124039998,AD.DE PAFAE
1124039999,AD.DE PAFIN
1124040001,AD.DE DESCANSO ANUAL
1124040002,AD.DE GRATIFICACAO ANUAL
1124049999,AD.DE PRO-LABORE
1124050001,ADIANTAMENTO P/ TERCEIROS
1124050002,ADIANTAMENTOS EAS
1124050003,ADIANT. PENSAO ALIMENTICIA S/ FERIAS
1124050004,ADIANTAMENTO A FORNECEDORES
1124990001,PROVISAO AD. REPASSE PROJETOS
1125010001,ANTECIPACAO PIS/FGTS S/ 13º SALARIO
1125010002,IRRF A COMPENSAR
1125010003,IRPJ A COMPENSAR
1125010004,PIS RETIDO A COMPENSAR
1125010005,COFINS RETIDA A COMPENSAR
1125010006,CSLL RETIDA A COMPENSAR
1125010007,PIS/COFINS/CSLL RETIDOS A COMPENSAR
1125010008,PIS IMPORTACAO A COMPENSAR
1125010009,COFINS IMPORTACAO A COMPENSAR
1125010010,CIDE IMPORTACAO  A COMPENSAR
1125019994,INSS A RECUPERAR
1125020001,ICMS A RESTITUIR
1125030001,ISS A RECUPERAR
1125030002,ISS A RESTITUIR
1125030003,TAXA DE FUNCIONAM DE ESTAB - TEF ADAS
1125040001,TRIBUTOS CORPORATIVOS A RECUPERAR
1125040002,V.A.T A RECUPERAR
1125050001,PIS S/ FATURAMENTO A RECUPERAR
1125050002,COFINS S/ FATURAMENTO A RECUPERAR
1125050003,PIS S/ FATURAMENTO A COMPENSAR
1125050004,COFINS S/ FATURAMENTO A COMPENSAR
1125060001,OUTROS IMPOSTOS E CONTRIB A RECUPERAR
1131010001,MATERIAIS DE NATUREZA PERMANENTE
1141010001,SEGUROS EM GERAL
1141020001,PERIODICOS E CERTIF. DIGITAL A APROPR
1141020002,DESPESAS A APROPRIAR EAS
1141020003,ARRENDAMENTOS A APROPRIAR
1141020004,MANUTENCAO DE VEICULOS A APROPRIAR
1141020005,ALUGUEL DE IMOVEIS A APROPRIAR
1141020006,LICENCA DE SOFTWARE A APROPRIAR
1151010001,DEPOSITO E CAUCAO EM GERAL
1151010002,AGENCIA GARANTIA O2
1151010003,FUNDO APLICACAO AGENCIA GARANTIA 02
1151010004,BB-F/A 431589-8A CAUCAO LICITACOES
1151010005,BB-F/A 431588-XA CAUCAO LICITACOES
1151020001,DEPOSITOS EM CONTENCIOSO
1161010001,FGTS S/13º SALARIO A DIFERIR
1161010002,PIS S/13º SALARIO A DIFERIR
1161020001,INSS 1/3 FERIAS EMPREGADOS
1161020002,INSS 1/3 FERIAS EMPREGADOR SUSPENSO
1171010001,BB-C/C: 431611-8 - FAO DISPONIBILIDAD
1171010002,BB-F/A: 431611-8A - FAO INVESTIMENTOS
1171010003,FUNDO APEXPREV TSP NÃO INTEGRALIZADO
1211010001,CREDITOS GERAIS A RECEBER
1211990001,(-) PROVISAO PARA PERDA CRED GERAL A
1212010001,DEPOSITOS JUDICIAIS INSS 1/3 FÉRIAS
1212010002,DEPOSITOS E CAUCOES EM GERAL
1212010003,DEPOSITOS JUDICIAIS TRABALHISTAS
1212010004,DEPOSITOS JUDICIAIS INSS FOPAG
1212010005,DEPOSITO JUDICIAL - PIS
1212010006,DEPOSITO JUDICIAL - COFINS
1212010007,DEPOSITO JUDICIAL - SALARIO EDUCACAO
1212010008,DEPOSITO JUDICIAL - INCRA
1212020001,INSS 1/3 FERIAS SUSPENSO DE LONGO PRA
1212020002,INSS 1/3 FERIAS EMPREGADOR SUSPENSO D
1212030001,P. JUDICIAIS TRABALHISTAS EM ANDAMENT
1213010001,CEF/FUNDO 6010-3A APEXPORT
1213020001,BB - FUNDO 3307-3 - ABRC
1213990001,(+/-)RECLASSIFICAÇÃO CP/LP
1221010001,OUTROS VALORES A RECEBER
1231010001,DIREITOS DE USO EM ARRENDAMENTOS
1231990001,( - ) D. A. - DIREITOS DE USO
1241010001,OBRAS EM ANDAMENTO
1241010002,EDIFICACOES
1241010003,MAQ/EQUIPAMENTOS DE ESCRITORIO
1241010004,INSTALACOES
1241010005,EQUIPAMENTOS DE INFORMATICA
1241010006,MOVEIS E UTENSILIOS
1241010007,VEICULOS AUTOMOTORES
1241010008,BIBLIOTECA
1241010009,BENFEITORIAS PROPRIEDADE TERC-NOVA SE
1241010010,OBRAS DE ARTE
1241010011,MOVEIS E INSTALACOES EA SP
1241010098,IMOBILIZADO A CLASSIFICAR
1241010099,IMOBILIZADO EAS (PROVISORIA)
1241019999,(-) PROVISAO AJUSTE IMPARIDADE IMOB.T
1241990002,(-)_D.A - EDIFICACOES
1241990003,(-)_D.A - MAQ/EQUIPAMENTOS DE ESCRITO
1241990004,(-)_D.A - INSTALACOES
1241990005,(-)_D.A - EQUIPAMENTOS DE INFORMATICA
1241990006,(-)_D.A - MOVEIS E UTENSILIOS
1241990007,(-)_D.A - VEICULOS AUTOMOTORES
1241990008,(-)_D.A - BIBLIOTECA
1241990009,(-)_D.A - BENFEITORIAS P.TERC-NOVA SE
1241990011,(-)_D.A - MOVEIS S INSTALACOES EA SP
1241999999,( - ) D.A - IMOBILIZADO EAS
1251010001,MARCAS E PATENTES
1251010002,DIREITOS DE USO/UTILIZACAO
1251010003,SOFTWARE/SISTEMA DE INFORMACAO
1251019999,(-) PROVISAO AJUSTE IMPARIDADE IMOB.I
1251990001,(-)_D.A - MARCAS E PATENTES
1251990002,(-)_D.A - DIREITOS DE USO/UTILIZACAO
1251990003,(-)_D.A - SOFTWARE/SISTEMA DE INFORMA
1251999999,(+) PROVISAO AJUSTE IMPARIDADE DEP.IN
1291999999,TRANSITORIA DE IMOBILIZADO
2111010001,FORNECEDORES NACIONAIS
2111020001,FORNECEDORES EA'S
2111020002,VIAGENS EA'S A PAGAR
2111020003,FORNECEDORES ESTRANGEIROS
2111030001,FORNECEDORES DE VIAGENS
2112010001,CONTAS A PAGAR DIVERSAS
2112010002,EMPREGADOS/COLABORADORES
2112010003,DIREITOS/CREDITOS A IDENTIFICAR
2112010004,DEPOSITOS BANCARIOS NAO IDENTIFICADOS
2112010005,CONTRIBUICAO - AEA A RECOLHER
2112010006,DANOS OPERACIONAIS A REGULARIZAR
2112010007,CONTAS A PAGAR DOS FUNDOS EXCLUSIVOS
2112010009,VALORES A COMPENSAR DE TERCEIROS
2112019996,CONTAS A PAGAR CNS
2112019997,ENTIDADES PARCEIRAS/PROPONENTES
2112019998,SEBRAE
2112019999,CONVENIOS
2112020001,CARTOES BANCO DO BRASIL VISA
2113010001,SALARIOS A PAGAR
2113010002,RESCISAO DE CONTRATO DE TRABALHO A PA
2113010003,SALARIOS A PAGAR EXPATRIADOS
2113010004,RESTITUIÇÃO DE CESSÃO
2113020001,PENSAO ALIMENTICIA A PAGAR
2113020002,ASSISTENCIA MEDICA A PAGAR
2113020003,SALARIO EDUCACAO A PAGAR
2113020004,BENEFICIOS FLEXIVEIS A PAGAR
2113020005,VALE TRANSPORTE A PAGAR
2113020006,PREVIDENCIA PRIVADA A PAGAR
2113020007,VALORES A PAGAR AO F.A.O.
2113020008,SEGURO DE VIDA
2113020009,AUXÍLIO REFEIÇÃO/ALIMENTAÇÃO
2113029999,OBRIGACOES TRABALHISTAS E SOCIAIS EAS
2113030001,INSS S/ FOLHA PGTº A RECOLHER PATRONA
2113030002,INSS S/ FOLHA PGT° A RECOLHER AUTONOM
2113030003,INSS S/ FOLHA PGT° A RECOLHER EMPREGA
2113030004,FGTS A RECOLHER
2113030005,INSS DIRIGENTES A RECOLHER
2113030006,PIS/PASEP A PAGAR
2113030007,IRRF S/ FOLHA PGTº A RECOLHER
2114010001,INSS S/ SERVICOS DE TERCEIROS A RECOL
2114010002,IMPOSTOS S/ RECEITAS N/OPER. A RECOLH
2114010004,IRRF - (0473) REM. P/EXTERIOR A RECOL
2114010007,IRRF - (1708) TERCEIROS A RECOLHER
2114010008,IRRF - (0588) S/ RPCI A RECOLHER
2114010009,CSLL - (5987) TERCEIROS A RECOLHER
2114010011,PIS/COFINS/CSL - (5952) TERC. A RECOL
2114010012,PIS - (5979) TERCEIROS A RECOLHER
2114010013,COFINS - (5960) TERCEIROS A RECOLHER
2114010014,PIS - (5434) IMPORTACAO DE SERVICOS
2114010015,COFINS - (5442) IMPORTACAO DE SERVICO
2114010016,CIDE - (8741) REMESSAS AO EXTERIOR
2114010017,(5856) COFINS S/ REC FINANCE A RECOLH
2114010018,IRRF - (0422) ROYALTIES A RECOLHER
2114020001,IMPOSTOS E CONTRIBUICOES ESTADUAIS
2114030001,ISS POR SUBSTITUICAO TRIBUTARIA (1775
2114030003,ISS - (1723) IMPORTACAO DE SERVICOS
2114039999,ISS - (1708) A RECOLHER
2114040001,ENCARGOS TRABALHISTAS FL EXTERIOR
2114040002,TRIBUTOS CORPORATIVOS
2114040003,TRIBUTOS RETIDOS NA FONTE S/ FOLHA
2114040004,TRIBUTOS RETIDOS NA FONTE S/ SERVICOS
2114040005,ENCARGOS PRECO DE TRANSFERENCIA - (TP
2114050001,COFINS – (2172) FATURAMENTO
2114050002,CSLL S/ NF(S) SAIDA_FATURAMENTO
2114050003,PIS FATURAMENTO (8109)
2114050004,ISS FATURAMENTO (1708)
2114050005,COFINS NAO CUMULATIVA–(5856) FATURAME
2114059999,COFINS - (2172) FATURAMENTO
2115010001,CONSIGNACOES - CAIXA ECONOMICA FEDERA
2115010002,CONSIGNACOES - BANCO DO BRASIL
2115010003,CONVENIOS IMOBILIARIOS - TERRACAP
2115010004,CONSIGNACOES E CONVENIOS S/ FERIAS
2115010005,PREVIDENCIA PRIVADA S/ FERIAS
2115010006,CONSIGNACOES - BRADESCO
2115010007,CONSIGNAÇÕES - APEXPREV
2115010008,CONSIGNAÇÕES - CLT
2115020001,APEX/MDIC - EXPOXANGAI
2115020002,APEX/VALE - EXPOXANGAI
2115020003,APEX/JAFZA - DUBAI
2115020004,APEX/MDIC - MISSOES
2115020005,APEX/EDC DUBAI - MISSOES
2115020006,APEX/BID CONVENIO BID (BB/5906)
2115020007,OBRIGACOES C/ CONVENIOS E CONTRATOS E
2115020008,APEX/MDIC CONV. PROM COMPETITIV (BB60
2115020009,APEX/MDIC CONV. DESENV. PME (BB/6060)
2115020010,APEX/MDIC CONV. MISSOES 2012 (BB/6059
2115020011,APEX/MDIC CONVENIO DESIGN (BB/6054)
2115020012,APEX/MDIC CONVENIO PESQ E DESENV
2115020013,APEX/MDIC - CONVENIO MODA BRASIL
2115020014,APEX/MDIC - CONVENIO EXPO MILAO
2115020015,APEX/MDIC - CONVENIO CASA BRASIL
2116010001,EMPRESTIMOS E FINANCIAMENTOS BB
2116020001,EMPRESTIMOS E FINANCIAMENTOS CEF
2116030001,EMPRESTIMO CONSIGNADO APEXPREV
2117010001,PROVISAO DE FERIAS
2117010002,PROVISAO DE INSS S/ FERIAS
2117010003,PROVISAO DE FGTS S/ FERIAS
2117010004,PROVISAO DE PIS S/ FERIAS
2117010005,PROVISAO DE INSS S/ 1/3 FÉRIAS - DUBAI
2117010006,PROVISAO DE INSS S/ 1/3 FERIAS
2117020001,PROVISAO DE 13º SALARIO
2117020002,PROVISAO DE INSS S/ 13º SALARIO
2117020003,PROVISAO DE FGTS S/ 13º SALARIO
2117020004,PROVISAO DE PIS S/ 13º SALARIO
2117030001,PROVISAO DE DESCANSO ANUAL
2117030002,PROVISAO DE INSS S/ DESCANSO ANUAL
2117030003,PROVISAO DE FGTS S/ DESCANSO ANUAL
2117030004,PROVISAO DE PIS S/ DESCANSO ANUAL
2117040001,PROVISAO DE GRATIFICACAO ANUAL
2117040002,PROVISAO DE INSS S/ GRATIFICACAO ANUA
2117040003,PROVISAO DE FGTS S/ GRATIFICACAO ANUA
2117040004,PROVISAO DE PIS S/ GRATIFICACAO ANUAL
2117050001,PROVISOES DE NATUREZA TRABALHISTA
2117050002,PROVISOES DE NATUREZA TRIBUTARIA
2117050003,PROVISOES DE NATUREZA CONTRATUAL
2117050004,OUTRAS PROVISOES
2117060001,PREMIO POR TEMPO DE SERVICO
2117060002,INSS S/ PREMIO POR TEMPO DE SERVICO
2117060003,FGTS S/ PREMIO POR TEMPO DE SERVICO
2117060004,PIS S/ PREMIO POR TEMPO DE SERVICO
2118010001,DEVOLUÇOES A CLIENTES
2118010002,ADIANTAMENTOS DE CLIENTES
2118010003,DEMAIS CONTAS A PAGAR
2118010004,RECEITA DIFERIDA
2118010005,CONTRIBUICAO SINDICAL A RECOLHER
2118019999,ADIANTAMENTO RECURSOS FINANCEIROS EAS
2118020001,DEPOSITOS E CAUCOES DE LICITACOES
2118029995,TECNISYS - DOSSIE 079/2007
2118029996,LOCACAO VEICULOS APEX - BR GONCALVES
2118029997,AGENCIA GARANTIA O2
2118029998,IT ONE - PREGAO 02/2011 - BB 431589-8
2118029999,ON LINE - CONTR 06-05/11 - BB 431588-
2118030001,FAO REPASSES APEX / EMPREGADOS
2118030002,FAO REND. LIQUIDOS APLICACOES / TARIF
2118030003,(-) FAO SERV. ODONT. (PAGTº/REEMBOLSO
2118040001,HONORARIOS DE SUCUMBENCIA - PRINCIPAL
2118040002,HONORARIOS DE SUCUMBENCIA - RENDIMENT
2119010001,FINANCIAMENTO P/ ARRENDAMENTO - CP
2119990001,( - ) ENCARGOS FINANC. A TRANSCORRER CP
2211010001,PROCESSOS JUDICIAIS TRABALHISTAS
2211010002,PROCESSOS JUDICIAIS TRIBUTARIOS
2211010003,PROCESSOS JUDICIAIS - INSS 1/3 FERIAS
2211010004,PROCESSOS JUDICIAIS CÍVEIS
2211010005,PROCESSOS JUDICIAIS - INSS FOLHA
2211010006,PROCESSOS JUDICIAIS - MS PIS
2211010007,PROCESSOS JUDICIAIS - MS COFINS
2211010008,PROCESSOS JUDICIAIS - MS SALARIO EDUC
2211010009,PROCESSOS JUDICIAIS - MS INCRA
2211010010,PROCESSOS JUDICIAIS - MS IOF
2212010001,OBRIGACOES TRIBUTARIAS DIFERIDAS
2213010001,OBRIGACOES COM CONVENIOS E CONTRATOS
2214010001,FINANCIAMENTO P/ ARRENDAMENTO - LP
2214990001,( - ) ENCARGOS FINANC. A TRANSCORRER LP
2215010001,PREMIO POR TEMPO DE SERVICO - LP
2215010002,INSS S/ PREMIO POR TEMPO DE SERVICO
2215010003,FGTS S/ PREMIO POR TEMPO DE SERVICO
2215010004,PIS S/ PREMIO POR TEMPO DE SERVICO
2221010003,DEMAIS OBRIGACOES A PAGAR - LP
2221010004,RECEITA DIFERIDA - LP
2311010001,SUPERAVIT ACUMULADO
2311010002,SUPERAVIT DO EXERCICIO
2311020001,DEFICIT ACUMULADO
2311020002,DEFICIT DO EXERCICIO
2321010001,RESERVAS DE TRANSFERENCIAS
2321010002,RESERVAS DE AVALIACAO ATIVOS FINANCEI
2321010003,RESERVAS DE AVALIACAO ATIVO PERMANENT
2322030001,RESERVA TAXA RFB
2322030002,RESERVA TRABALHISTA
2322030003,RESERVA APEX S/A
2322030004,RESERVA SALDO FINANCEIRO
2331010001,AJUSTES DE INSTRUMENTOS FINANCEIROS
2331020001,AJUSTES DE AVALIACAO PATRIMONIAL
2331030001,AJUSTES DE CONVERSAO DO PERIODO
2331040001,OUTROS RESULTADOS ABRANGENTES
2411010001,PASSIVO COMPENSADO
3111010001,EVENTOS INTERNACIONAIS
3111010002,PROJETOS SETORIAIS INTEGRADOS
3111010003,OUTRAS MISSOES
3111019992,PROJETO APEX
3111019993,EXPODUBAI 2020 - CATERING SERVICES
3111019994,EXPODUBAI 2020 - COMMERCIAL OPERATION
3111019995,PROJETOS HORIZONTAIS
3111019996,PROJETOS ISOLADOS
3111019997,PROJETOS DE EXPORTACAO DE CONSORCIOS
3111019998,PROSPECCAO DE MERCADO
3111019999,CONTRATOS DE PATROCINIO
3111020001,PROJETOS SETORIAIS INTEGRADOS - PSI
3111020002,PROJETOS - PEIEX
3111020003,DEMAIS CONVENIOS
3111020099,(-) GLOSA DE CONVENIOS
3111060001,PATROCINIOS NACIONAIS
3111060002,PATROCINIOS INTERNACIONAIS
3111080001,PROJETOS FINALISTICOS
3111080002,FEIRAS E EVENTOS NACIONAIS
3111080003,FEIRAS E EVENTOS INTERNACIONAIS
3111080004,PROMOCAO MULTISETORIAL
3111080005,PROJETOS DE COMPETIVIDADE
3111080006,ESTUDOS DE INTELIGENCIA COMERCIAL
3111080007,EVENTOS E REPRESENTACOES INTERNACIONA
3111080008,EVENTOS E REPRESENTACOES NACIONAIS
3111080009,BASE DE DADOS DE INTELIGENCIA DE MERC
3111080010,CONSULTORIA E ASSESSORIA EM PROJ. FINALI
3111080011,CAPACITAÇÕES DE EMPRESAS APOIADAS
3111080012,PROJ. BOLSA EXPORTAÇÃO
3112010001,"DIVULGACAO,ANUNCIOS,PUBLICIDADE, PROP"
3112010002,PUBLICACOES
3112010003,BRINDES/PREMIOS/CONCURSOS/PROMOCOES
3112010004,AJUDA DE CUSTO P/ REPRESENTACAO/EVENT
3112010005,"JORNAIS, REVISTAS E PERIODICOS"
3112010007,SERVICOS DE RELACOES PUBLICAS
3112030001,PATROCINIOS NACIONAIS
3112030002,PATROCINIOS INTERNACIONAIS
3113010001,HOSPEDAGENS NACIONAIS EMPREGADOS
3113010002,HOSPEDAGENS INTERNACIONAIS EMPREGADOS
3113010003,ALIMENT/TRANSP NACIONAL EMPREGADOS
3113010004,DESPESAS NO EXTERIOR EMPREGADOS
3113010005,ALIMENT/TRANSP INTERNACIONAL EMPREGAD
3113010006,LOCACAO INTERNACIONAL VEICULO EMPREGA
3113010007,LOCACAO NACIONAL VEICULO EMPREGADOS
3113010008,HOSPEDAGEM NACIONAL EMPREGADO
3113019998,DESPESAS NO EXTERIOR DIRETORES
3113019999,HOSPEDAGEM INTERNACIONAL EMPREGADO
3113020001,HOSPEDAGENS NACIONAIS CONVIDADOS
3113020002,HOSPEDAGENS INTERNACIONAIS CONVIDADOS
3113020003,ALIMENT/TRANSP NACIONAL CONVIDADOS
3113020004,DESPESAS NO EXTERIOR CONVIDADOS
3113020005,ALIMENT/TRANSP INTERNACIONAIS CONVIDA
3113020006,LOCACAO NACIONAL VEICULO CONVIDADOS
3113020007,LOCACAO INTERNACIONAL VEICULO CONVIDA
3113029998,HOSPEDAGEM NACIONAL CONVIDADO
3113029999,HOSPEDAGEM INTERNACIONAL CONVIDADO
3113030001,PASSAGENS NACIONAIS EMPREGADOS
3113030002,PASSAGENS INTERNACIONAIS EMPREGADOS
3113030003,PASSAGENS NACIONAIS CONVIDADOS
3113030004,PASSAGENS INTERNACIONAIS CONVIDADOS
3113030005,TAXAS SOBRE CANCELAMENTOS DE PASSAGEN
3113040001,REEMBOLSO DE TAXAS - VIAGENS E TRASLA
3113040002,SEGUROS DE VIAGEM
3113040003,REVALIDACAO DE PASSAGENS AEREAS
3113040004,VISTOS E TAXAS AEROPORTUARIAS
3113040005,SERV. INTERMEDIACAO/AGENCIAMENTO VIAG
3113040006,OUTROS SERVIÇOS DE VIAGENS (PCR - ASSENT
3121010001,SALARIOS E GRATIFICACOES - EMPREGADOS
3121010002,PRO-LABORE - DIRETORES
3121010003,BOLSA-AUXILIO - ESTAGIARIOS
3121010004,INDENIZACOES/RESCISOES TRABALHISTAS
3121010005,13º SALARIO - EMPREGADOS
3121010006,FERIAS - EMPREGADOS
3121010007,DESCANSO ANUAL - DIRETORES
3121010008,GRATIFICACAO ANUAL - DIRETORES
3121010009,PREMIO POR TEMPO DE SERVICO
3121010010,ADICIONAL DE TRANSFERENCIA
3121010011,SALARIO MATERNIDADE
3121010012,RETRIBUICAO DE CESSAO
3121010013,DESCANSO ANUAL SOBRE CESSAO
3121010014,GRATIFICACAO ANUAL S/ CESSAO
3121010099,REMUNERACAO - ESTIMATIVA
3121020001,INSS - EMPREGADOS
3121020002,FGTS - EMPREGADOS
3121020003,PIS - EMPREGADOS
3121020004,INSS - DIRETORES
3121020005,FGTS - DIRETORES
3121020006,PIS - DIRETORES
3121020009,FGTS - MULTAS RESCISORIAS
3121020010,ENCARGOS TRABALHISTAS FL EXTERIOR
3121020099,ENCARGOS TRABALHISTAS - ESTIMATIVA
3121030001,ASSISTENCIA MEDICA
3121030002,BENEFICIOS FLEXIVEIS / PROGRAMAS QVT
3121030003,ASSISTENCIA ODONTOLOGICA
3121030004,PREVIDENCIA PRIVADA
3121030005,AUX. EDUCACAO/IDIOMA/CRECHE/ENFERMIDA
3121030006,SEGURO DE VIDA
3121030007,VALE TRANSPORTE
3121030008,AUXILIO REFEICAO/ALIMENTACAO
3121030009,AJUDA DE CUSTO TRANFERENCIA DE DOMICILIO
3121030010,AUXILIO A FILHO COM DEFICIENCIA
3121030011,AUXILIO ENFERMIDADE
3121030012,AJUDA DE CUSTO TELEFONIA MOVEL
3121030099,BENEFICIOS SOCIAIS - ESTIMATIVA
3122010001,COMBUSTIVEIS E LUBRIFICANTES
3122010002,MATERIAIS DE NATUREZA PERMANENTE
3122010003,MATERIAIS TECNICOS E DIDATICOS
3122010004,MATERIAIS DE EXPEDIENTE
3122010005,"MATERIAIS DE LIMPEZA, COPA E REFEITOR"
3122010006,MATERIAIS DE MANUTENCAO E REPAROS
3122010007,OUTROS MATERIAIS DE CONSUMO
3122010008,DESPESAS COM ALIMENTACAO EM GERAL
3123010001,ALUGUEL
3123010002,CONDOMINIO
3123010003,LOCACAO DE VEICULOS
3123010004,LOCACAO DE EQUIPAMENTOS E SALAS
3123010005,LOCAÇÃO DE MÓVEIS
3123020001,SERVICOS DE COMUNICACAO E INTERNET
3123020002,TELEFONIA FIXA
3123020003,TELEFONIA MOVEL
3123030001,CONDUCAO URBANA
3123030002,CONTRIBUICOES E AUXILIOS
3123030004,ENERGIA ELETRICA
3123030007,"CORREIOS, TELEGRAFOS E TRANSPORTES"
3123030013,SEGUROS EM GERAL
3123030014,LICENCAS DE SOFTWARES
3123030015,INSUMOS EQUIP. ELETRONICOS E INFORMAT
3123030016,TRANSFERENCIA DE EMPREGADOS
3123030017,AGUA E ESGOTO
3123040001,CARTORIO
3123040002,DESPESAS JUDICIAIS CUSTAS E EMOLUMENT
3123040003,TX. EXPEDIENTE/SERV. FISCAIS/ANUIDADE
3123040004,MULTAS DE TRANSITO
3124010001,SERVICOS TECNICOS ESPECIALIZADOS
3124010002,SERVICOS PRESTADOS PESSOA FISICA - RP
3124010003,SERVICOS DE CESSAO PROFISSIONAL
3124010004,SERVICOS DE AUDITORIA
3124010005,SERVICOS DE CONSULTORIA
3124010006,LOCACAO DE MAO-DE-OBRA
3124010007,SERVICOS ADVOCATICIOS
3124010008,SERVICOS TECNICOS EM TI
3124020001,SERVICOS DE LIMPEZA E CONSERVACAO
3124020002,SERVICOS GRAFICOS E REPROGRAFIA
3124020003,SERVICOS SEGURANCA E VIGILANCIA
3124020004,MANUTENCAO DE ARQUIVOS E DOCUMENTACAO
3124020005,SERVICOS DE MANUTENCAO EM GERAL
3124020006,GASTOS PELO FUNDO FIXO DE CAIXA
3124020007,SERVICOS DE MANUTENCAO DE VEICULOS
3126010001,PARTICIPACAO EM CURSOS E SEMINARIOS N
3126010002,PARTICIPACAO EM CURSOS SEMINARIOS INT
3131010002,IRRF S/ REMESSA
3131010003,IRPJ
3131010004,INSS SOBRE SERVICOS DE COOPERATIVAS
3131010005,INSS SOBRE SERVICOS DE AUTONOMOS
3131010006,PCC RETIDO NA FONTE
3131010009,PIS S/ IMPORTACAO DE SERVICOS
3131010010,COFINS S/ IMPORTACAO DE SERVICOS
3131010011,CIDE S/ REMESSAS AO EXTERIOR
3131010012,CPMF/IOF
3131010015,IOF S/ CONVENIOS/TRANSFERENCIAS
3131019999,PCC S/ VENDAS/FATURAMENTO
3131020001,IPVA
3131020002,DPVAT - SEGURO OBRIGATORIO
3131020003,ICMS
3131030001,IPTU - IMP S/ PROP PREDIAL TERRIT URB
3131030003,ISS S/ IMPORTACAO DE SERVICOS
3131030004,ISS RETIDO S/ SUBSTITUICAO TRIBUTARIA
3131030005,TAXA DE ALVARA
3131030006,OUTRAS TAXAS MUNICIPAIS
3131040001,TRIBUTOS CORPORATIVOS
3131040002,DESPESAS COM ROYALTIES
3141010001,VARIAÇÃO CAMBIAL (PERDA) BANCO DO BRASIL
3141010002,JUROS E MULTAS
3141010003,DESCONTOS FINANCEIROS
3141010004,TARIFAS BANCARIAS
3141010005,VARIACAO CAMBIAL (PERDA)
3141010006,CORRECAO MONETARIA S/ PASSIVOS CONTIN
3141010007,IOF SOBRE OPERACOES COM CARTOES
3141020003,TARIFAS BANCARIAS S/ CONVENIOS/TRANSF
3141030001,FINANCEIRAS DE ARRENDAMENTO
3151010001,DEPRECIACAO
3152010001,AMORTIZACAO
3153010001,DEPRECIAÇÃO DIREITOS DE USO
3161020001,PERDAS COM CREDITOS RECEBER
3161030001,DEMAIS DESPESAS OPERACIONAIS
3161030002,PROCESSOS JUDICIAIS TRABALHISTAS
3161030003,PROCESSOS JUDICIAIS TRIBUTARIOS
3161030004,PROCESSOS JUDICIAIS CÍVEIS
3211010001,CUSTO DO ATIVO BAIXADO
3211010002,(-) DEPREC/AMORTIZ. DO ATIVO BAIXADO
3211020001,PERDA/GANHO C/ REAVALIACAO DE ATIVO
3221010001,BAIXA DE PROVISÕES JUDICIAIS
3231010001,OUTRAS RECEITAS E DESP OPERACIONAIS
4111010001,CONTRIBUICAO SOCIAL RFB
4111010099,(-) TAXA DE ADMINISTRACAO RFB
4111019999,(CONTA INUTILIZADA)
4111020001,CONVENIO MDIC-EXPOXANGAI
4111020002,CONVENIO MDIC-MISSOES
4111020004,RECEITA APEX/MDIC CONVENIO PROMO COMP
4111020005,RECEITA APEX/MDIC CONVENIO DESENV DE
4111020006,RECEITA APEX/MDIC CONVENIO MISSOES 20
4111020007,RECEITA APEX/MDIC CONVENIO DESIGN
4111020008,RECEITA APEX/MDIC CONVENIO PESQ E DES
4111020009,RECEITA APEX/MDIC CONVENIO EXPO MILAO
4111020010,RECEITA APEX/MDIC CONVENIO MODA BRASI
4111020011,RECEITA APEX/MDIC CONVENIO CASA BRASI
4111030001,CONVENIO BID
4121010001,PRESTACAO DE SERVICOS NACIONAIS
4121010002,PRESTACAO DE SERVICOS INTERNACIONAIS
4121010003,ORGANIZACAO EVENTOS NACIONAIS
4121010004,ORGANIZACAO DE EVENTOS INTERNACIONAIS
4121010096,(-) CSLL S/ VENDAS/FATURAMENTO
4121010097,(-) ISS S/ VENDAS/FATURAMENTO
4121010098,(-) COFINS CUMULATIVO
4121010099,(-) RECEITAS CANCELADAS
4121020001,PRESTACAO DE SERVICOS NACIONAIS
4121020002,PRESTACAO DE SERVICOS INTERNACIONAIS
4121020003,ORGANIZACAO EVENTOS NACIONAIS
4121020004,ORGANIZACAO DE EVENTOS INTERNACIONAIS
4121020005,PRESTAÇÃO DE SERVIÇOS TREINAMENTOS
4121020096,(-) CSLL S/ VENDAS/FATURAMENTO
4121020097,(-) ISS S/ VENDAS/FATURAMENTO
4121020098,(-) COFINS NAO CUMULATIVO
4121020099,(-) RECEITAS CANCELADAS
4121030001,RECEITAS INTERNACIONAIS
4122010001,ARMAZENAGEM DE MERCADORIAS
4122010002,JUROS DE APLICACOES FINANCEIRAS CNS
4122010010,RECURSOS ENTIDADE PUBLICA
4122010014,ROYALTIES EXPO
4122010099,(-) IRRF - (0422) ROYALTIES
4123010001,RECEITA DE PATROCINIOS NACIONAIS
4123010002,RECEITA DE PATROCINIOS INTERNACIONAIS
4124010001,ESTUDOS CUSTOMIZADOS
4124020001,MISSOES COMERCIAIS
4124029997,MATCHMAKING COM POTENCIAIS COMPRADORE
4124029998,RODADAS DE NEGOCIOS
4124030001,LOCACAO DE ESCRITORIOS EQUIPADOS
4124030002,SECRETARIA VIRTUAL
4124030003,INDICACAO DE SERVICOS
4124030004,TAXA DE ADESAO PELOS SERVICOS DOS EAS
4124039997,LOCACAO DE SALAS DE REUNIAO
4124039998,ASSESSORIA NA ABERTURA DA EMPRESA
4124040001,OUTRAS RECEITAS OPERACIONAIS
4131010001,ATUALIZACAO MONET/DIREITOS A RECEBER
4131010002,RESTITUICOES DE PROJETOS/CONVENIOS
4131010003,DEVOLUCOES/RESTITUICOES DE TERCEIROS
4131010004,RECUPERACAO DE TRIBUTOS
4131010005,RECUPERACAO DE RESULTADO
4131010006,DESCONTOS FINANCEIROS OBTIDOS
4131010007,REVERSAO DE PERDAS C/ CREDITOS A RECE
4131010008,REVERSAO DE PERDAS COM CONTINGENCIAS
4131010009,DEMAIS RECEITAS OPERACIONAIS
4131019998,RECEITA DE DOACAO
4141010001,BB/FUNDO MILENIO - CTA: 7364-4
4141010002,BB/FUNDO COMERCIAL17 - CTA: 7364-4
4141010003,BB/C.POUPANCA Nº 431589-8P (CUSTEIO)
4141010004,BB - FUNDO 3307-3 - ABRC
4141010005,BB - C/C 431611-8 - FAO
4141010006,C/C 6503-XA BACEN JUD
4141010007,REND. BB AMPLO 7364-4A
4141010008,BB/C.POUPANCA Nº 431589-8 RENDE FÁCIL
4141010009,BB/C.POUP Nº 5494-1R RENDE FÁCIL HON SUC
4141010010,RDM BB SECURITIES LLC - BANK OF NEW YORK
4141010011,REND. BB TOQUIO
4141019998,BB/FUNDO MILENIO - CTA: 431590-1
4141020001,CEF/FUNDO APEXPORT- CTA: 6010-3
4141020002,CEF/CADERNETA DE POUPANCA Nº 10072-2
4141020003,CEF/FUNDO CAPITAL GIRO - CTA: 6010-3
4141020004,CEF/FUNDO APEXPORT - CTA: 6010-3 LONG
4141020005,RENDIMENTO CAIXA FIC AMETISTA
4141030001,F/A - BRADESCO CAPITAL DE GIRO 10125-
4141030002,BRADESCO INVEST FACIL
4141040001,BANCO RENDIMENTO
4141050001,BANCO BTG
4141060001,REND APLIC AUTOMAT ITAU
4141070001,REND APLIC. XP INVESTIMENTOS
4141090001,(-) IRRF S/ RENDIMENTOS FINANCEIROS
4141090002,(-) (5856) COFINS S/ RECEITA FINANCEI
4141090003,(-) IR S/ APLICACAO FINANCEIRA
4141090004,(-) DESVAL. DE FUNDOS DE INVESTIMENTO
4141090005,(-) IOF S/ RECEITA FINANCEIRA
4142010001,POUP 6114-X APEX/MDIC CONV  PESQ E DE
4142010002,REND BB / FUNDO 6263-4 CONV MODA BRAS
4142010003,REND BB / FUNDO 6264-2 CONV EXPO MILA
4142019992,F/A 5698-7A - VALE/PATROCINIO_APLICAC
4142019993,F/A 5688-XA - JAFZA/TRANSF_APLICACAO
4142020001,RENDIMENTOS E RECEITAS FINANCEIRAS EAS
4143010001,GANHOS COM VARIACAO CAMBIAL
4143010002,VARIACAO CAMBIAL (GANHOS) BANCO BRASIL
5111010001,PREV. INIC. REC. CONTRIB. SRFB BRUTA
5111019000,(-) PREV. INIC. DA TAXA DE ADM SRFB
5111020001,PREV. INIC. REC. REND. APLIC. FINANC
5111029000,(-) PREV. INIC. IR S/ APLIC. FINANC
5111029001,(-) PREV. INIC. COFINS S/ APLIC. FINA
5111029002,(-) PREV. INIC. IOF S/ APLIC. FINANC
5111030001,PREV. INIC. REC. FAT. NEG. NO BRASIL
5111030002,PREV. INIC. REC. FAT. NEG. FORA BRASI
5111039000,(-) PREV. INIC. ISS S/ FAT. C/ NEG.
5111039001,(-) PREV. INIC. COFINS S/ FAT. C/ NEG
5111040001,PREV. INIC. REC. CONVENIOS PUBLICOS
5111050001,PREV. INIC. RECEITA DIVERSAS
5111060001,PREV. INIC. SALDO ANTERIOR DIVERSOS
5112010001,REESTIMAT. REC. CONTRIB. SRFB BRUTA
5112019000,(-) REESTIMAT. TAXA DE ADM SRFB
5112020002,REESTIMAT. REC. REND. APLIC. FINANC
5112029000,(-) REESTIMAT. IR S/ APLIC. FINANC
5112029001,(-) REESTIMAT. COFINS S/ APLIC. FINAN
5112029002,(-) REESTIMAT. IOF S/ APLIC. FINANC
5112030001,REESTIMAT. REC. FAT. C/ NEG. NO BRASI
5112030002,REESTIMAT. REC. FAT. C/ NEG. FORA BRA
5112039000,(-) REESTIMAT.  ISS S/ FAT. C/ NEG.
5112039001,(-) REESTIMAT.  COFINS S/ FAT. C/ NEG
5112040001,REESTIMAT. REC. CONVENIOS PUBLICOS
5112050001,REESTIMAT. RECEITA DIVERSAS
5112060001,REESTIMAT. SALDO ANTERIOR DIVERSOS
5121010001,DOT. INIC. PESSOAL PROMOCAO
5121010002,DOT. INIC. OUTRAS DESP. PROMOCAO
5121030001,DOT. INIC. PESSOAL MANUTENCAO
5121030002,DOT. INIC. OUTRAS DESP. MANUTENCAO
5121030003,DOT. INIC. OUTRAS DESP. MANUT - C.FINANC
5121030004,DOT. INIC. OUTRAS DESP. MANUT - C.TRIBUT
5121040001,DOT. INIC. PROVISOES DIVERSAS
5122010001,DOT. REESTIMAT. PESSOAL PROMOCAO
5122010002,DOT. REESTIMAT. OUTRAS DESP. PROMOCAO
5122030001,DOT. REESTIMAT. PESSOAL MANUTENCAO
5122030002,DOT. REESTIMAT. OUTRAS DESP. MANUTENC
5122030003,DOT. REESTIMAT. OUT.DESP.MANUT - C.FIN
5122030004,DOT. REESTIMAT. OUT.DESP.MANT - C.TRIB
5122040001,DOT. REESTIMAT. PROVISOES DIVERSAS
6111010001,REC. DE CONTRIB. SRFB BRUTA A REALIZA
6111019000,(-) TAXA DE ADM SRFB A REALIZAR
6111020001,REND. APLIC. FINANC. A REALIZAR
6111029000,(-) IR S/ APLIC. FINANC. A REALIZAR
6111029001,(-) COFINS S/ APLIC. FINANC. A REALIZ
6111029002,(-) IOF S/ APLIC. FINANC A REALIZAR
6111030001,REC. FAT. C/ NEG. NO BRASIL A REALIZA
6111030002,REC. FAT. C/ NEG. FORA BRASIL A REALI
6111030003,(-) CANCELAMENTO REC. FAT. A REALIZAR
6111039000,(-) ISS S/ FAT. C/ NEG. A REALIZAR
6111039001,(-) COFINS S/ FAT. C/ NEG. A REALIZAR
6111040001,REC. CONVENIOS PUBLICOS A REALIZAR
6111050001,RECEITA DIVERSAS A REALIZAR
6111060001,SALDO ANTERIOR DIVERSOS A REALIZAR
6112010001,REC. CONTRIB. SRFB BRUTA - REALIZADA
6112019000,(-) TAXA DE ADM.SRFB REALIZADA
6112020001,REND. APLIC. FINANC. REALIZADA
6112029000,(-) IR S/ APLIC. FINANC. REALIZADO
6112029001,(-) COFINS S/ APLIC. FINANC. REALIZAD
6112029002,(-) IOF S/ APLIC. FINANC REALIZADO
6112030001,REC. FAT. C/ NEG. NO BRASIL REALIZADA
6112030002,REC. FAT. C/ NEG. FORA BRASIL REALIZA
6112030003,(-) CANCELAMENTO REC. FAT. REALIZADA
6112039000,(-) ISS S/ FAT. C/ NEG. REALIZADA
6112039001,(-) COFINS S/ FAT. C/ NEG. REALIZADA
6112040001,REC. CONVENIOS PUBLICOS REALIZADO
6112050001,RECEITA DIVERSAS REALIZADA
6112060001,SALDO ANTERIOR DIVERSOS REALIZADO
6211010001,DOT. DISP. PESSOAL C/ REMUNERACAO
6211010002,DOT. DISP. PESSOAL C/ ENCARGOS
6211010003,DOT. DISP. PESSOAL C/ BENEFICIOS
6211020001,DOT. DISP. PROJETOS
6211020002,DOT. DISP. VIAGENS
6211020003,DOT. DISP. TARIFAS BANCARIAS
6211020004,DOT. DISP. FUNDO FIXO CAIXA ECARTAO
6211020005,DOT. DISP. CONV PS
6211020006,DOT. DISP. CONV PEIEX
6211020007,DOT. DISP. CONV OUTROS
6211020008,DOT. DISP. C. TRIBUTARIOS
6211030001,DOT. DISP. PROVISOES DIVERSAS
6212010001,DOT. DISP. PESSOAL C/ REMUN. -ALTERAC
6212010002,DOT. DISP. PESSOAL C/ ENCARGOS -ALTER
6212010003,DOT. DISP. PESSOAL C/ BENEFIC -ALTERA
6212020001,DOT. DISP. PROJETOS -ALTERAC
6212020002,DOT. DISP. VIAGENS -ALTERAC
6212020003,DOT. DISP. TARIFAS BANCARIAS -ALTERAC
6212020004,DOT. DISP. FDO FX CAIXA ECARTAO -ALTE
6212020005,DOT. DISP. CONV PS -ALTERAÇ
6212020006,DOT. DISP. CONV PEIEX -ALTERAÇ
6212020007,DOT. DISP. CONV OUTROS -ALTERAÇ
6212020008,DOT. DISP. C.TRIBUTÁRIOS - ALTERA
6212030001,DOT. DISP. PROVISOES DIVERSAS -ALTERA
6213010001,DOT. RESERV. PESSOAL C/ REMUNERACAO
6213010002,DOT. RESERV. PESSOAL C/ ENCARGOS
6213010003,DOT. RESERV. PESSOAL C/ BENEFICIOS
6213010004,CANCEL. DOT. RESERV. PESSOAL C/ BENEF
6213020001,DOT. RESERV. PROJETOS
6213020002,DOT. RESERV. VIAGENS
6213020003,DOT. RESERV. TARIFAS BANCARIAS
6213020004,DOT. RESERV. FUNDO FIXO CAIXA ECARTAO
6213020005,CANCEL. DOT. RESERV. PROJETOS
6213020006,CANCEL. DOT. RESERV. VIAGENS
6213020007,DOT. RESERV. CONV PS
6213020008,DOT. RESERV. CONV PEIEX
6213020009,DOT. RESERV. CONV OUTROS
6213020010,CANCEL.DOT. RESERV. CONV PS
6213020011,CANCEL.DOT. RESERV. CONV PEIEX
6213020012,CANCEL.DOT. RESERV. CONV OUTROS
6213020013,DOT. RESERV. C. TRIBUTARIOS
6213030001,DOT. RESERV. PROVISOES DIVERSAS
6214010001,EMP A LIQUIDAR PESSOAL C/ REMUNERACAO
6214010002,EMP A LIQUIDAR PESSOAL C/ ENCARGOS
6214010003,EMP A LIQUIDAR PESSOAL C/ BENEFICIOS
6214010004,CANCEL. EMP.LIQUIDAR PESSOAL C/ BENEF
6214010005,ENCERR. EMP.LIQUIDAR PESSOAL C/ BENEF
6214010006,ESTORNO EMP.LIQUIDAR PESSOAL C/ BENEF
6214020001,EMP A LIQUIDAR PROJETOS
6214020002,EMP A LIQUIDAR VIAGENS
6214020003,EMP A LIQUIDAR TARIFAS BANCARIAS
6214020004,EMP A LIQUIDAR FUNDO FIXO CAIXA ECART
6214020005,CANCEL. EMP A LIQUIDAR PROJETOS
6214020006,CANCEL. EMP A LIQUIDAR VIAGENS
6214020007,ENCERR. EMP A LIQUIDAR PROJETOS
6214020008,ENCERR. EMP A LIQUIDAR VIAGENS
6214020009,ESTORNO EMP A LIQUIDAR PROJETOS
6214020010,ESTORNO EMP A LIQUIDAR VIAGENS
6214020011,EMP A LIQUIDAR CONV PS
6214020012,EMP A LIQUIDAR CONV PEIEX
6214020013,EMP A LIQUIDAR CONV OUTROS
6214020014,CANCEL.EMP A LIQUIDAR CONV PS
6214020015,CANCEL.EMP A LIQUIDAR CONV PEIEX
6214020016,CANCEL.EMP A LIQUIDAR CONV OUTROS
6214020017,ENCERR.EMP A LIQUIDAR CONV PS
6214020018,ENCERR.EMP A LIQUIDAR CONV PEIEX
6214020019,ENCERR.EMP A LIQUIDAR CONV OUTROS
6214020020,ESTORNO EMP A LIQUIDAR CONV PS
6214020021,ESTORNO EMP A LIQUIDAR CONV PEIEX
6214020022,ESTORNO EMP A LIQUIDAR CONV OUTROS
6214020023,EMP. A LIQUIDAR C. TRIBUTÁRIOS
6214030001,EMP A LIQUIDAR PROVISOES DIVERSAS
6221010001,EMPENHO A PAGAR PESSOAL C/ REMUNERACA
6221010002,EMPENHO A PAGAR PESSOAL C/ ENCARGOS
6221010003,EMPENHO A PAGAR PESSOAL C/ BENEFICIOS
6221010004,ESTORNO EMP. A PAGAR PESSOAL C/ BENEF
6221020001,EMPENHO A PAGAR PROJETOS
6221020002,EMPENHO A PAGAR VIAGENS
6221020003,EMPENHO A PAGAR TARIFAS BANCARIAS
6221020004,EMPENHO A PAGAR FUNDO FIXO CAIXA ECAR
6221020005,ESTORNO EMP. A PAGAR PROJETOS
6221020006,ESTORNO EMP. A PAGAR VIAGENS
6221020007,EMPENHO A PAGAR CONV PS
6221020008,EMPENHO A PAGAR CONV PEIEX
6221020009,EMPENHO A PAGAR CONV OUTROS
6221020010,ESTORNO EMP. A PAGAR CONV PS
6221020011,ESTORNO EMP. A PAGAR CONV PEIEX
6221020012,ESTORNO EMP. A PAGAR CONV OUTROS
6221020013,EMP. A PAGAR C. TRIBUTARIOS
6221030001,EMPENHO A PAGAR PROVISOES DIVERSAS
6222010001,EMPENHO PAGO PESSOAL C/ REMUNERACAO
6222010002,EMPENHO PAGO PESSOAL C/ ENCARGOS
6222010003,EMPENHO PAGO PESSOAL C/ BENEFICIOS
6222010004,ESTORNO EMP. PAGO PESSOAL C/ BENEF
6222020001,EMPENHO PAGO PROJETOS
6222020002,EMPENHO PAGO VIAGENS
6222020003,EMPENHO PAGO TARIFAS BANCARIAS
6222020004,EMPENHO PAGO FUNDO FIXO CAIXA ECARTAO
6222020005,ESTORNO EMP. PAGO PROJETOS
6222020006,ESTORNO EMP. PAGO VIAGENS
6222020007,EMPENHO PAGO CONV PS
6222020008,EMPENHO PAGO CONV PEIEX
6222020009,EMPENHO PAGO CONV OUTROS
6222020010,ESTORNO EMP. PAGO CONV PS
6222020011,ESTORNO EMP. PAGO CONV PEIEX
6222020012,ESTORNO EMP. PAGO CONV OUTROS
6222020013,EMP. PAGO C. TRIBUTARIO
6222030001,EMPENHO PAGO PROVISOES DIVERSAS
